payload,mode,text,rodata,data,bss,total_load_image,total_memory
16B,ECB,1488,1388,0,68,2876,2944
16B,CBC,1588,1452,0,68,3040,3108
16B,CFB128,1604,1452,0,68,3056,3124
16B,CTR,1620,1452,0,68,3072,3140
256B,ECB,1520,1388,0,1028,2908,3936
256B,CBC,1620,1452,0,1028,3072,4100
256B,CFB128,1672,1452,0,1028,3124,4152
256B,CTR,1700,1452,0,1028,3152,4180
4KiB,ECB,1516,1388,0,16388,2904,19292
4KiB,CBC,1612,1452,0,16388,3064,19452
4KiB,CFB128,1668,1452,0,16388,3120,19508
4KiB,CTR,1696,1452,0,16388,3148,19536
