core,payload,mode,repeat,payload_bytes,blocks,counter_start,counter_stop,raw_cycles,cycles_per_block,retired_instructions,cpi,alu_count,load_count,store_count,branch_count,jump_count,m_count,b_count,taken_branch_count,branch_penalty_cycles,total_stalls,control_stalls,load_use_stalls,memory_stalls,other_stalls,counter_errors,counter_check,firmware_errors,testbench_errors,status_word,result,blocks_checked,bytes_checked,log,log_sha256
RV32IMB,16B,ECB,1,16,1,25,9780,9755,9755.0,8159,1.195612,4672,1440,1162,835,50,0,0,662,1324,1595,1424,171,0,0,0,PASS,0,0,50415353,PASS,1,16,raw_counters/logs/16b_ecb_r1.log,23559FB5EDD8878047915BE87C7A6B36D37293ED92FEBB564E8186F2AE2CFE34
RV32IMB,16B,ECB,2,16,1,25,9780,9755,9755.0,8159,1.195612,4672,1440,1162,835,50,0,0,662,1324,1595,1424,171,0,0,0,PASS,0,0,50415353,PASS,1,16,raw_counters/logs/16b_ecb_r2.log,2BC409F641EF005F9139B894C95946200E39FDCDCBA640B1FDA2EAD3B9375D1F
RV32IMB,16B,ECB,3,16,1,25,9780,9755,9755.0,8159,1.195612,4672,1440,1162,835,50,0,0,662,1324,1595,1424,171,0,0,0,PASS,0,0,50415353,PASS,1,16,raw_counters/logs/16b_ecb_r3.log,FD43B62740206D29CBA9FE0754CBEFF5A7F4992496504AF73A0DA5C033342DD9
RV32IMB,16B,CBC,1,16,1,25,10156,10131,10131.0,8433,1.201352,4786,1504,1210,883,50,0,0,713,1426,1697,1526,171,0,0,0,PASS,0,0,50415353,PASS,1,16,raw_counters/logs/16b_cbc_r1.log,26C1D9085EFB0ADF9F1BBEC55B2ADF829FFA62FA1AD6C4E6B72BEF8B883C64EA
RV32IMB,16B,CBC,2,16,1,25,10156,10131,10131.0,8433,1.201352,4786,1504,1210,883,50,0,0,713,1426,1697,1526,171,0,0,0,PASS,0,0,50415353,PASS,1,16,raw_counters/logs/16b_cbc_r2.log,B5D41F984BDFCEDAF110CA8502886D429D07CEECF32750458BF5A92CAE2C2547
RV32IMB,16B,CBC,3,16,1,25,10156,10131,10131.0,8433,1.201352,4786,1504,1210,883,50,0,0,713,1426,1697,1526,171,0,0,0,PASS,0,0,50415353,PASS,1,16,raw_counters/logs/16b_cbc_r3.log,201B86D6533EC1F0D20041261C22ECEF92D1EFC3E8AE9819E9A147A6FE6F34D3
RV32IMB,16B,CFB128,1,16,1,25,10186,10161,10161.0,8471,1.199504,4824,1504,1210,883,50,0,0,709,1418,1689,1518,171,0,0,0,PASS,0,0,50415353,PASS,1,16,raw_counters/logs/16b_cfb128_r1.log,5472CA8FDE145BCFA1E0A91DCA62E49BF7E56ABF72918A720AE42A7A64F8E3BA
RV32IMB,16B,CFB128,2,16,1,25,10186,10161,10161.0,8471,1.199504,4824,1504,1210,883,50,0,0,709,1418,1689,1518,171,0,0,0,PASS,0,0,50415353,PASS,1,16,raw_counters/logs/16b_cfb128_r2.log,C572565CA541CF6E28126E3ADCD0EAD66C050148661E490AC3B528A39533AB77
RV32IMB,16B,CFB128,3,16,1,25,10186,10161,10161.0,8471,1.199504,4824,1504,1210,883,50,0,0,709,1418,1689,1518,171,0,0,0,PASS,0,0,50415353,PASS,1,16,raw_counters/logs/16b_cfb128_r3.log,AAB60615F4C004F99D977D62C65BE5B693C9718D3A2BB1B9CFBB450E47231955
RV32IMB,16B,CTR,1,16,1,25,10096,10071,10071.0,8409,1.197645,4801,1490,1196,870,52,0,0,692,1384,1661,1488,173,0,0,0,PASS,0,0,50415353,PASS,1,16,raw_counters/logs/16b_ctr_r1.log,AD9A685C82A64E472886F373F24B2D73C92D2864121680D0A5A8534FAD7A3F41
RV32IMB,16B,CTR,2,16,1,25,10096,10071,10071.0,8409,1.197645,4801,1490,1196,870,52,0,0,692,1384,1661,1488,173,0,0,0,PASS,0,0,50415353,PASS,1,16,raw_counters/logs/16b_ctr_r2.log,30A14408BD76DF8EE922A29656A3ED4168A28291147B601B577158988DA9F82A
RV32IMB,16B,CTR,3,16,1,25,10096,10071,10071.0,8409,1.197645,4801,1490,1196,870,52,0,0,692,1384,1661,1488,173,0,0,0,PASS,0,0,50415353,PASS,1,16,raw_counters/logs/16b_ctr_r3.log,FE8C94A470E9CAF974D400DF22CB9051885B4C946913AEA210C990A8E0CC9CD5
RV32IMB,256B,ECB,1,256,16,25,123573,123548,7721.75,99796,1.238006,53887,19352,14121,12086,350,0,0,10165,20330,23751,21030,2721,0,0,0,PASS,0,0,50415353,PASS,16,256,raw_counters/logs/256b_ecb_r1.log,70A3A9F483BF8CF5E3FB0730814C49B3E75117E086D5270BA97933CAFC008B12
RV32IMB,256B,ECB,2,256,16,25,123573,123548,7721.75,99796,1.238006,53887,19352,14121,12086,350,0,0,10165,20330,23751,21030,2721,0,0,0,PASS,0,0,50415353,PASS,16,256,raw_counters/logs/256b_ecb_r2.log,3D293A878223C96FCD744DFE5813F4CC67177D984D13E80A06ECD7FC8064104B
RV32IMB,256B,ECB,3,256,16,25,123573,123548,7721.75,99796,1.238006,53887,19352,14121,12086,350,0,0,10165,20330,23751,21030,2721,0,0,0,PASS,0,0,50415353,PASS,16,256,raw_counters/logs/256b_ecb_r3.log,0BF353A794BEE43360557DA69253C2A800AAE6A2A32DC8D7680B0BB5F6690280
RV32IMB,256B,CBC,1,256,16,25,127787,127762,7985.125,103012,1.240263,55263,20136,14649,12614,350,0,0,10664,21328,24749,22028,2721,0,0,0,PASS,0,0,50415353,PASS,16,256,raw_counters/logs/256b_cbc_r1.log,BE79F4D6409E5BD6B8301437234572047D04066B001538FB9653CCC1F52736FA
RV32IMB,256B,CBC,2,256,16,25,127787,127762,7985.125,103012,1.240263,55263,20136,14649,12614,350,0,0,10664,21328,24749,22028,2721,0,0,0,PASS,0,0,50415353,PASS,16,256,raw_counters/logs/256b_cbc_r2.log,A4D50F21C466C1D824FEE8440DB5350710C78EE41BF7F751C2203EA4FA4BA13D
RV32IMB,256B,CBC,3,256,16,25,127787,127762,7985.125,103012,1.240263,55263,20136,14649,12614,350,0,0,10664,21328,24749,22028,2721,0,0,0,PASS,0,0,50415353,PASS,16,256,raw_counters/logs/256b_cbc_r3.log,542FAF48D22585DA431CCDBFA380DD3A000C9EC3139581A576F90C46F2DCC575
RV32IMB,256B,CFB128,1,256,16,25,128412,128387,8024.1875,103673,1.238384,55843,20184,14682,12614,350,0,0,10646,21292,24713,21992,2721,0,0,0,PASS,0,0,50415353,PASS,16,256,raw_counters/logs/256b_cfb128_r1.log,FE2542E06ABCFB8B71723CB40BD335E5530D9C32030F8BAA67076752DC28DD86
RV32IMB,256B,CFB128,2,256,16,25,128412,128387,8024.1875,103673,1.238384,55843,20184,14682,12614,350,0,0,10646,21292,24713,21992,2721,0,0,0,PASS,0,0,50415353,PASS,16,256,raw_counters/logs/256b_cfb128_r2.log,8877D7DDFA9710CB115433F890402AD2B71804A895D2962C9323A75348B864D6
RV32IMB,256B,CFB128,3,256,16,25,128412,128387,8024.1875,103673,1.238384,55843,20184,14682,12614,350,0,0,10646,21292,24713,21992,2721,0,0,0,PASS,0,0,50415353,PASS,16,256,raw_counters/logs/256b_cfb128_r3.log,B5416017E3D8E02ED12B4FACD862CBF279C5E623E74AAA9C2A09BD84504B0E9A
RV32IMB,256B,CTR,1,256,16,25,126895,126870,7929.375,102537,1.237309,55343,19977,14475,12376,366,0,0,10431,20862,24332,21594,2738,0,0,0,PASS,0,0,50415353,PASS,16,256,raw_counters/logs/256b_ctr_r1.log,E7BC7526156732BE2742F5BC4D511B3AFED071965C102F9D28530F5E081BC6E9
RV32IMB,256B,CTR,2,256,16,25,126895,126870,7929.375,102537,1.237309,55343,19977,14475,12376,366,0,0,10431,20862,24332,21594,2738,0,0,0,PASS,0,0,50415353,PASS,16,256,raw_counters/logs/256b_ctr_r2.log,2D25FC92758E60109A5EFD634FFA0D703126F545705D0EB6A395FD4EB31FF2FA
RV32IMB,256B,CTR,3,256,16,25,126895,126870,7929.375,102537,1.237309,55343,19977,14475,12376,366,0,0,10431,20862,24332,21594,2738,0,0,0,PASS,0,0,50415353,PASS,16,256,raw_counters/logs/256b_ctr_r3.log,2651824BDA2826DD592DDB71FAA51A43D2A808B8E2D2D24E04451C8169FD88AD
RV32IMB,4KiB,ECB,1,4096,256,25,1941670,1941645,7584.550781,1563821,1.241603,837694,307410,221481,192086,5150,0,0,162001,324002,377823,334302,43521,0,0,0,PASS,0,0,50415353,PASS,256,4096,raw_counters/logs/4kib_ecb_r1.log,64DBD225E9FE2CE85C7A12EBB4C99B9BFFE70250B71F4A373C54557B9B43D2CB
RV32IMB,4KiB,ECB,2,4096,256,25,1941670,1941645,7584.550781,1563821,1.241603,837694,307410,221481,192086,5150,0,0,162001,324002,377823,334302,43521,0,0,0,PASS,0,0,50415353,PASS,256,4096,raw_counters/logs/4kib_ecb_r2.log,E438200B07A73217B95F4C20A8C20FD9329225C440E81921E455B796ABC02D8A
RV32IMB,4KiB,ECB,3,4096,256,25,1941670,1941645,7584.550781,1563821,1.241603,837694,307410,221481,192086,5150,0,0,162001,324002,377823,334302,43521,0,0,0,PASS,0,0,50415353,PASS,256,4096,raw_counters/logs/4kib_ecb_r3.log,965EED1AA41306406B5B6798197CAD5009DBEE10207916DBC490938735B48546
RV32IMB,4KiB,CBC,1,4096,256,25,2007362,2007337,7841.160156,1614039,1.243673,859192,319714,229689,200294,5150,0,0,169738,339476,393297,349776,43521,0,0,0,PASS,0,0,50415353,PASS,256,4096,raw_counters/logs/4kib_cbc_r1.log,2B7D9B3AD4BD2964C1E02F61088B6EF4252719EDD2CDEB144085C9DC8ADB4518
RV32IMB,4KiB,CBC,2,4096,256,25,2007362,2007337,7841.160156,1614039,1.243673,859192,319714,229689,200294,5150,0,0,169738,339476,393297,349776,43521,0,0,0,PASS,0,0,50415353,PASS,256,4096,raw_counters/logs/4kib_cbc_r2.log,76F05309EC77796B0E7F8D6FFB6E44A66F94FCA63F66CE23CC3412B4A2277144
RV32IMB,4KiB,CBC,3,4096,256,25,2007362,2007337,7841.160156,1614039,1.243673,859192,319714,229689,200294,5150,0,0,169738,339476,393297,349776,43521,0,0,0,PASS,0,0,50415353,PASS,256,4096,raw_counters/logs/4kib_cbc_r3.log,573E07BD5FC42DC63E9B6826D37FCFBA8836E2B148EC40F1AE11BC27E078F77D
RV32IMB,4KiB,CFB128,1,4096,256,25,2017788,2017763,7881.886719,1624098,1.24239,867970,320482,230202,200294,5150,0,0,169922,339844,393664,350144,43520,0,0,0,PASS,0,0,50415353,PASS,256,4096,raw_counters/logs/4kib_cfb128_r1.log,50C5F2352A38F26A226880C8ED6EB066D4CC69429D4520A823A4E26265A075F6
RV32IMB,4KiB,CFB128,2,4096,256,25,2017788,2017763,7881.886719,1624098,1.24239,867970,320482,230202,200294,5150,0,0,169922,339844,393664,350144,43520,0,0,0,PASS,0,0,50415353,PASS,256,4096,raw_counters/logs/4kib_cfb128_r2.log,DCC68CD7DE4787EB785F9946D311DE654602A411681297BC2AB623B341B9D514
RV32IMB,4KiB,CFB128,3,4096,256,25,2017788,2017763,7881.886719,1624098,1.24239,867970,320482,230202,200294,5150,0,0,169922,339844,393664,350144,43520,0,0,0,PASS,0,0,50415353,PASS,256,4096,raw_counters/logs/4kib_cfb128_r3.log,DF2DE9DA61510D1D978F7B396F223595ECCD4C4AAF486DD9D0DD78FE771D7191
RV32IMB,4KiB,CTR,1,4096,256,25,1993357,1993332,7786.453125,1605796,1.241336,859904,317155,226875,196456,5406,0,0,166473,332946,387535,343758,43777,0,0,0,PASS,0,0,50415353,PASS,256,4096,raw_counters/logs/4kib_ctr_r1.log,912559808FBEAB426F2E4E2C74D69923D1101DB05FBCB157243AFD4213A4203F
RV32IMB,4KiB,CTR,2,4096,256,25,1993357,1993332,7786.453125,1605796,1.241336,859904,317155,226875,196456,5406,0,0,166473,332946,387535,343758,43777,0,0,0,PASS,0,0,50415353,PASS,256,4096,raw_counters/logs/4kib_ctr_r2.log,0D436819D611C951836C8BBF1D8BA3C5112B53B52D25E86CE2B906784B5E2878
RV32IMB,4KiB,CTR,3,4096,256,25,1993357,1993332,7786.453125,1605796,1.241336,859904,317155,226875,196456,5406,0,0,166473,332946,387535,343758,43777,0,0,0,PASS,0,0,50415353,PASS,256,4096,raw_counters/logs/4kib_ctr_r3.log,2F7C9DD6633F516ACB127BABAA535773A1AE7A961508680AEE83D144C8F4DA8E
