core,payload,mode,repeats,repeat_match,payload_bytes,blocks,raw_cycles,cycles_per_block,retired_instructions,cpi,alu_count,load_count,store_count,branch_count,taken_branch_count,branch_penalty_cycles,jump_count,m_count,b_count,total_stalls,control_stalls,load_use_stalls,memory_stalls,other_stalls,blocks_checked,bytes_checked
RV32IMB,16B,ECB,3,PASS,16,1,9755,9755.0,8159,1.195612,4672,1440,1162,835,662,1324,50,0,0,1595,1424,171,0,0,1,16
RV32IMB,16B,CBC,3,PASS,16,1,10131,10131.0,8433,1.201352,4786,1504,1210,883,713,1426,50,0,0,1697,1526,171,0,0,1,16
RV32IMB,16B,CFB128,3,PASS,16,1,10161,10161.0,8471,1.199504,4824,1504,1210,883,709,1418,50,0,0,1689,1518,171,0,0,1,16
RV32IMB,16B,CTR,3,PASS,16,1,10071,10071.0,8409,1.197645,4801,1490,1196,870,692,1384,52,0,0,1661,1488,173,0,0,1,16
RV32IMB,256B,ECB,3,PASS,256,16,123292,7705.75,99540,1.238618,53631,19352,14121,12086,10165,20330,350,0,0,23751,21030,2721,0,0,16,256
RV32IMB,256B,CBC,3,PASS,256,16,127506,7969.125,102756,1.240862,55007,20136,14649,12614,10664,21328,350,0,0,24749,22028,2721,0,0,16,256
RV32IMB,256B,CFB128,3,PASS,256,16,128131,8008.1875,103417,1.238974,55587,20184,14682,12614,10646,21292,350,0,0,24713,21992,2721,0,0,16,256
RV32IMB,256B,CTR,3,PASS,256,16,126614,7913.375,102281,1.237903,55087,19977,14475,12376,10431,20862,366,0,0,24332,21594,2738,0,0,16,256
RV32IMB,4KiB,ECB,3,PASS,4096,256,1937549,7568.550781,1559725,1.242238,833598,307410,221481,192086,162001,324002,5150,0,0,377823,334302,43521,0,0,256,4096
RV32IMB,4KiB,CBC,3,PASS,4096,256,2003240,7825.15625,1609942,1.244293,855095,319714,229689,200294,169738,339476,5150,0,0,393297,349776,43521,0,0,256,4096
RV32IMB,4KiB,CFB128,3,PASS,4096,256,2013667,7865.886719,1620002,1.243003,863874,320482,230202,200294,169922,339844,5150,0,0,393664,350144,43520,0,0,256,4096
RV32IMB,4KiB,CTR,3,PASS,4096,256,1989236,7770.453125,1601700,1.241953,855808,317155,226875,196456,166473,332946,5406,0,0,387535,343758,43777,0,0,256,4096
